{
    "LCX": 1955.241548733,
    "LCY": 1556.154461988,
    "LFX": 48097.18190137,
    "LFY": 47651.50703202,
    "LTX": 0.0,
    "LTY": 0.0,
    "LTZ": 0.0,
    "LRot": [
        [
            1.0,
            0.0,
            0.0
        ],
        [
            0.0,
            1.0,
            0.0
        ],
        [
            0.0,
            0.0,
            1.0
        ]
    ],
    "LResolution": [
        3000,
        4096
    ],
    "RCX": 1979.338466035,
    "RCY": 1358.101978259,
    "RFX": 39553.49186047,
    "RFY": 38815.24048294,
    "RTX": -739.5848297013,
    "RTY": -14.62066037464,
    "RTZ": -238.8431027659,
    "RRot": [
        [
            0.9315488131923,
            -0.007050266506112,
            0.3635479368422
        ],
        [
            0.003193855908553,
            0.9999320904861,
            0.01120775180355
        ],
        [
            -0.3636022661157,
            -0.009279448165028,
            0.9315080697006
        ]
    ],
    "RResolution": [
        3000,
        4096
    ],
    "Zcl": 2030,
    "num_trainset": 100,
    "assumed_range": 60.0,
    "disp_amp_uv": 0.01,
    "disp_amp_w": 0.05,
    "dataset_savepath": "./Sample/",
    "box_size": [
        1024,
        1024
    ],
    "start_pos": [
        1000,
        1500
    ],
    "bkcolor": "white"
}