{
    "LCX": 324,
    "LCY": 243,
    "LFX": 20000.0,
    "LFY": 20000.0,
    "LK1": 2.341435984559,
    "LK2": 2537.860298854,
    "LK3": 10.58687686738,
    "LTX": 0.0,
    "LTY": 0.0,
    "LTZ": 0.0,
    "LRot": [
        [
            1.0,
            0.0,
            0.0
        ],
        [
            0.0,
            1.0,
            0.0
        ],
        [
            0.0,
            0.0,
            1.0
        ]
    ],
    "LResolution": [
        486,
        648
    ],
    "LEulerAngle": [
        0,
        0,
        0
    ],
    "RCX": 324,
    "RCY": 243,
    "RFX": 20000.0,
    "RFY": 20000.0,
    "RK1": 7.085011634771,
    "RK2": -1840.555488318,
    "RK3": 2.309452655375,
    "RTX": -300.0,
    "RTY": -0.0,
    "RTZ": 172.2051,
    "RRot": [
        [
            0.5,
            0,
            0.8660254
        ],
        [
            0,
            1,
            0
        ],
        [
            -0.8660254,
            0,
            0.5
        ]
    ],
    "RResolution": [
        486,
        648
    ],
    "REulerAngle": [
        -0.00882608,
        0.438867,
        -0.0169612
    ],
    "num_trainset": 1000,
    "num_testset": 100,
    "disp_num_xy": 5,
    "disp_num_z": 5,
    "assumed_range": 10,
    "disp_amp": 0.05,
    "dataset_savepath": "D:\\Guowen\\DLDIC_3D\\dataset\\data3\\"
}